,(P)Portentry,(Q)USdelivery,(R)UStime,(W)ITIvalues,(S)CSpresentation,(N)Portexit,(K)CStype,(B)shockintensity,date,subject,file_path,tone_playing_time_in_video,port_entry_time_in_video
2541,329.87,64.0,399.0,0.0,60.01,332.03,1.0,0.0,20220519,2.3v1.4,./data/med_pc/2022-05-19_09h09m_Subject 2.3v1.4.txt,71.00999999999999,340.87
2542,356.64,389.0,399.0,0.0,140.01,356.68,1.0,0.0,20220519,2.3v1.4,./data/med_pc/2022-05-19_09h09m_Subject 2.3v1.4.txt,151.01,367.64
2543,382.57,489.0,399.0,0.0,230.01,383.32,1.0,0.0,20220519,2.3v1.4,./data/med_pc/2022-05-19_09h09m_Subject 2.3v1.4.txt,241.01,393.57
2544,389.84,584.0,399.0,0.0,310.01,410.48,1.0,0.0,20220519,2.3v1.4,./data/med_pc/2022-05-19_09h09m_Subject 2.3v1.4.txt,321.01,400.84
2545,410.75,674.0,399.0,0.0,385.01,411.59,1.0,0.0,20220519,2.3v1.4,./data/med_pc/2022-05-19_09h09m_Subject 2.3v1.4.txt,396.01,421.75
2546,411.71,754.0,399.0,0.0,485.01,412.8,1.0,0.0,20220519,2.3v1.4,./data/med_pc/2022-05-19_09h09m_Subject 2.3v1.4.txt,496.01,422.71
2547,415.91,844.0,399.0,0.0,580.01,416.03,1.0,0.0,20220519,2.3v1.4,./data/med_pc/2022-05-19_09h09m_Subject 2.3v1.4.txt,591.01,426.91
2548,416.08,944.0,399.0,0.0,670.01,421.43,1.0,0.0,20220519,2.3v1.4,./data/med_pc/2022-05-19_09h09m_Subject 2.3v1.4.txt,681.01,427.08
2549,422.09,1034.0,399.0,0.0,750.01,422.21,1.0,0.0,20220519,2.3v1.4,./data/med_pc/2022-05-19_09h09m_Subject 2.3v1.4.txt,761.01,433.09
2550,422.41,1154.0,399.0,0.0,840.01,423.68,1.0,0.0,20220519,2.3v1.4,./data/med_pc/2022-05-19_09h09m_Subject 2.3v1.4.txt,851.01,433.41
2551,429.66,1244.0,399.0,0.0,940.01,433.29,1.0,0.0,20220519,2.3v1.4,./data/med_pc/2022-05-19_09h09m_Subject 2.3v1.4.txt,951.01,440.66
2552,433.71,1329.0,399.0,0.0,1030.01,433.96,1.0,0.0,20220519,2.3v1.4,./data/med_pc/2022-05-19_09h09m_Subject 2.3v1.4.txt,1041.01,444.71
2553,434.35,1419.0,399.0,0.0,1150.01,435.92,1.0,0.0,20220519,2.3v1.4,./data/med_pc/2022-05-19_09h09m_Subject 2.3v1.4.txt,1161.01,445.35
2554,436.16,1514.0,399.0,0.0,1240.01,436.21,1.0,0.0,20220519,2.3v1.4,./data/med_pc/2022-05-19_09h09m_Subject 2.3v1.4.txt,1251.01,447.16
2555,436.5,1634.0,399.0,0.0,1325.01,436.52,1.0,0.0,20220519,2.3v1.4,./data/med_pc/2022-05-19_09h09m_Subject 2.3v1.4.txt,1336.01,447.5
2556,436.54,1714.0,399.0,0.0,1415.01,436.64,1.0,0.0,20220519,2.3v1.4,./data/med_pc/2022-05-19_09h09m_Subject 2.3v1.4.txt,1426.01,447.54
2557,436.71,1809.0,399.0,0.0,1510.01,437.58,1.0,0.0,20220519,2.3v1.4,./data/med_pc/2022-05-19_09h09m_Subject 2.3v1.4.txt,1521.01,447.71
2558,437.6,,,0.0,1630.01,441.43,1.0,0.0,20220519,2.3v1.4,./data/med_pc/2022-05-19_09h09m_Subject 2.3v1.4.txt,1641.01,448.6
2559,442.52,,,0.0,1710.01,446.12,1.0,0.0,20220519,2.3v1.4,./data/med_pc/2022-05-19_09h09m_Subject 2.3v1.4.txt,1721.01,453.52
2560,470.33,,,0.0,1805.01,471.33,1.0,0.0,20220519,2.3v1.4,./data/med_pc/2022-05-19_09h09m_Subject 2.3v1.4.txt,1816.01,481.33
2620,602.32,,,0.0,,603.36,0.0,0.0,20220519,2.3v1.4,./data/med_pc/2022-05-19_09h09m_Subject 2.3v1.4.txt,,613.32
2621,603.66,,,0.0,,605.06,0.0,0.0,20220519,2.3v1.4,./data/med_pc/2022-05-19_09h09m_Subject 2.3v1.4.txt,,614.66
2622,605.36,,,0.0,,605.38,0.0,0.0,20220519,2.3v1.4,./data/med_pc/2022-05-19_09h09m_Subject 2.3v1.4.txt,,616.36
2623,605.42,,,0.0,,605.88,0.0,0.0,20220519,2.3v1.4,./data/med_pc/2022-05-19_09h09m_Subject 2.3v1.4.txt,,616.42
2624,606.03,,,0.0,,606.07,0.0,0.0,20220519,2.3v1.4,./data/med_pc/2022-05-19_09h09m_Subject 2.3v1.4.txt,,617.03
2625,606.12,,,0.0,,608.0,0.0,0.0,20220519,2.3v1.4,./data/med_pc/2022-05-19_09h09m_Subject 2.3v1.4.txt,,617.12
2626,608.43,,,0.0,,608.57,0.0,0.0,20220519,2.3v1.4,./data/med_pc/2022-05-19_09h09m_Subject 2.3v1.4.txt,,619.43
2627,608.63,,,0.0,,609.69,0.0,0.0,20220519,2.3v1.4,./data/med_pc/2022-05-19_09h09m_Subject 2.3v1.4.txt,,619.63
2628,619.07,,,0.0,,619.12,0.0,0.0,20220519,2.3v1.4,./data/med_pc/2022-05-19_09h09m_Subject 2.3v1.4.txt,,630.07
2629,619.27,,,0.0,,625.65,0.0,0.0,20220519,2.3v1.4,./data/med_pc/2022-05-19_09h09m_Subject 2.3v1.4.txt,,630.27
2630,625.91,,,0.0,,627.87,0.0,0.0,20220519,2.3v1.4,./data/med_pc/2022-05-19_09h09m_Subject 2.3v1.4.txt,,636.91
2631,628.77,,,0.0,,628.81,0.0,0.0,20220519,2.3v1.4,./data/med_pc/2022-05-19_09h09m_Subject 2.3v1.4.txt,,639.77
2632,628.97,,,0.0,,628.99,0.0,0.0,20220519,2.3v1.4,./data/med_pc/2022-05-19_09h09m_Subject 2.3v1.4.txt,,639.97
2633,629.16,,,0.0,,629.24,0.0,0.0,20220519,2.3v1.4,./data/med_pc/2022-05-19_09h09m_Subject 2.3v1.4.txt,,640.16
2634,630.78,,,0.0,,631.1,0.0,0.0,20220519,2.3v1.4,./data/med_pc/2022-05-19_09h09m_Subject 2.3v1.4.txt,,641.78
2635,632.27,,,0.0,,632.31,0.0,0.0,20220519,2.3v1.4,./data/med_pc/2022-05-19_09h09m_Subject 2.3v1.4.txt,,643.27
2636,632.46,,,0.0,,632.88,0.0,0.0,20220519,2.3v1.4,./data/med_pc/2022-05-19_09h09m_Subject 2.3v1.4.txt,,643.46
2637,633.36,,,0.0,,633.67,0.0,0.0,20220519,2.3v1.4,./data/med_pc/2022-05-19_09h09m_Subject 2.3v1.4.txt,,644.36
2638,638.86,,,0.0,,644.96,0.0,0.0,20220519,2.3v1.4,./data/med_pc/2022-05-19_09h09m_Subject 2.3v1.4.txt,,649.86
2639,661.32,,,0.0,,661.38,0.0,0.0,20220519,2.3v1.4,./data/med_pc/2022-05-19_09h09m_Subject 2.3v1.4.txt,,672.32
2640,661.44,,,0.0,,661.57,0.0,0.0,20220519,2.3v1.4,./data/med_pc/2022-05-19_09h09m_Subject 2.3v1.4.txt,,672.44
2641,661.63,,,0.0,,665.84,0.0,0.0,20220519,2.3v1.4,./data/med_pc/2022-05-19_09h09m_Subject 2.3v1.4.txt,,672.63
2642,666.17,,,0.0,,667.3,0.0,0.0,20220519,2.3v1.4,./data/med_pc/2022-05-19_09h09m_Subject 2.3v1.4.txt,,677.17
2643,667.9,,,0.0,,667.98,0.0,0.0,20220519,2.3v1.4,./data/med_pc/2022-05-19_09h09m_Subject 2.3v1.4.txt,,678.9
2644,668.97,,,0.0,,679.23,0.0,0.0,20220519,2.3v1.4,./data/med_pc/2022-05-19_09h09m_Subject 2.3v1.4.txt,,679.97
2645,679.41,,,0.0,,679.65,0.0,0.0,20220519,2.3v1.4,./data/med_pc/2022-05-19_09h09m_Subject 2.3v1.4.txt,,690.41
2646,679.82,,,0.0,,679.88,0.0,0.0,20220519,2.3v1.4,./data/med_pc/2022-05-19_09h09m_Subject 2.3v1.4.txt,,690.82
2647,679.9,,,0.0,,680.27,0.0,0.0,20220519,2.3v1.4,./data/med_pc/2022-05-19_09h09m_Subject 2.3v1.4.txt,,690.9
2648,680.33,,,0.0,,681.71,0.0,0.0,20220519,2.3v1.4,./data/med_pc/2022-05-19_09h09m_Subject 2.3v1.4.txt,,691.33
2649,681.8,,,0.0,,682.02,0.0,0.0,20220519,2.3v1.4,./data/med_pc/2022-05-19_09h09m_Subject 2.3v1.4.txt,,692.8
2650,682.06,,,0.0,,682.09,0.0,0.0,20220519,2.3v1.4,./data/med_pc/2022-05-19_09h09m_Subject 2.3v1.4.txt,,693.06
2651,682.5,,,0.0,,683.01,0.0,0.0,20220519,2.3v1.4,./data/med_pc/2022-05-19_09h09m_Subject 2.3v1.4.txt,,693.5
2652,683.24,,,0.0,,684.3,0.0,0.0,20220519,2.3v1.4,./data/med_pc/2022-05-19_09h09m_Subject 2.3v1.4.txt,,694.24
2653,684.35,,,0.0,,684.55,0.0,0.0,20220519,2.3v1.4,./data/med_pc/2022-05-19_09h09m_Subject 2.3v1.4.txt,,695.35
2654,684.64,,,0.0,,685.35,0.0,0.0,20220519,2.3v1.4,./data/med_pc/2022-05-19_09h09m_Subject 2.3v1.4.txt,,695.64
2655,685.69,,,0.0,,686.54,0.0,0.0,20220519,2.3v1.4,./data/med_pc/2022-05-19_09h09m_Subject 2.3v1.4.txt,,696.69
2656,686.62,,,0.0,,687.09,0.0,0.0,20220519,2.3v1.4,./data/med_pc/2022-05-19_09h09m_Subject 2.3v1.4.txt,,697.62
2657,687.2,,,0.0,,696.31,0.0,0.0,20220519,2.3v1.4,./data/med_pc/2022-05-19_09h09m_Subject 2.3v1.4.txt,,698.2
2658,696.79,,,0.0,,699.79,0.0,0.0,20220519,2.3v1.4,./data/med_pc/2022-05-19_09h09m_Subject 2.3v1.4.txt,,707.79
2659,699.84,,,0.0,,699.95,0.0,0.0,20220519,2.3v1.4,./data/med_pc/2022-05-19_09h09m_Subject 2.3v1.4.txt,,710.84
2660,703.8,,,0.0,,704.0,0.0,0.0,20220519,2.3v1.4,./data/med_pc/2022-05-19_09h09m_Subject 2.3v1.4.txt,,714.8
2661,704.06,,,0.0,,709.64,0.0,0.0,20220519,2.3v1.4,./data/med_pc/2022-05-19_09h09m_Subject 2.3v1.4.txt,,715.06
2662,709.91,,,0.0,,712.57,0.0,0.0,20220519,2.3v1.4,./data/med_pc/2022-05-19_09h09m_Subject 2.3v1.4.txt,,720.91
2663,712.9,,,0.0,,713.85,0.0,0.0,20220519,2.3v1.4,./data/med_pc/2022-05-19_09h09m_Subject 2.3v1.4.txt,,723.9
2664,714.26,,,0.0,,716.98,0.0,0.0,20220519,2.3v1.4,./data/med_pc/2022-05-19_09h09m_Subject 2.3v1.4.txt,,725.26
2665,718.7,,,0.0,,720.48,0.0,0.0,20220519,2.3v1.4,./data/med_pc/2022-05-19_09h09m_Subject 2.3v1.4.txt,,729.7
2666,720.59,,,0.0,,721.37,0.0,0.0,20220519,2.3v1.4,./data/med_pc/2022-05-19_09h09m_Subject 2.3v1.4.txt,,731.59
2667,721.55,,,0.0,,722.16,0.0,0.0,20220519,2.3v1.4,./data/med_pc/2022-05-19_09h09m_Subject 2.3v1.4.txt,,732.55
2668,722.37,,,0.0,,727.73,0.0,0.0,20220519,2.3v1.4,./data/med_pc/2022-05-19_09h09m_Subject 2.3v1.4.txt,,733.37
2669,730.5,,,0.0,,732.7,0.0,0.0,20220519,2.3v1.4,./data/med_pc/2022-05-19_09h09m_Subject 2.3v1.4.txt,,741.5
2670,732.96,,,0.0,,734.84,0.0,0.0,20220519,2.3v1.4,./data/med_pc/2022-05-19_09h09m_Subject 2.3v1.4.txt,,743.96
2671,735.14,,,0.0,,735.22,0.0,0.0,20220519,2.3v1.4,./data/med_pc/2022-05-19_09h09m_Subject 2.3v1.4.txt,,746.14
2672,735.26,,,0.0,,735.5,0.0,0.0,20220519,2.3v1.4,./data/med_pc/2022-05-19_09h09m_Subject 2.3v1.4.txt,,746.26
2673,735.53,,,0.0,,737.2,0.0,0.0,20220519,2.3v1.4,./data/med_pc/2022-05-19_09h09m_Subject 2.3v1.4.txt,,746.53
2674,737.26,,,0.0,,737.71,0.0,0.0,20220519,2.3v1.4,./data/med_pc/2022-05-19_09h09m_Subject 2.3v1.4.txt,,748.26
2675,737.79,,,0.0,,738.22,0.0,0.0,20220519,2.3v1.4,./data/med_pc/2022-05-19_09h09m_Subject 2.3v1.4.txt,,748.79
2676,738.65,,,0.0,,739.62,0.0,0.0,20220519,2.3v1.4,./data/med_pc/2022-05-19_09h09m_Subject 2.3v1.4.txt,,749.65
2677,739.65,,,0.0,,745.55,0.0,0.0,20220519,2.3v1.4,./data/med_pc/2022-05-19_09h09m_Subject 2.3v1.4.txt,,750.65
2678,745.92,,,0.0,,746.3,0.0,0.0,20220519,2.3v1.4,./data/med_pc/2022-05-19_09h09m_Subject 2.3v1.4.txt,,756.92
2679,746.92,,,0.0,,747.48,0.0,0.0,20220519,2.3v1.4,./data/med_pc/2022-05-19_09h09m_Subject 2.3v1.4.txt,,757.92
2680,747.54,,,0.0,,748.5,0.0,0.0,20220519,2.3v1.4,./data/med_pc/2022-05-19_09h09m_Subject 2.3v1.4.txt,,758.54
2681,749.01,,,0.0,,772.53,0.0,0.0,20220519,2.3v1.4,./data/med_pc/2022-05-19_09h09m_Subject 2.3v1.4.txt,,760.01
2682,772.84,,,0.0,,773.14,0.0,0.0,20220519,2.3v1.4,./data/med_pc/2022-05-19_09h09m_Subject 2.3v1.4.txt,,783.84
2683,773.38,,,0.0,,774.12,0.0,0.0,20220519,2.3v1.4,./data/med_pc/2022-05-19_09h09m_Subject 2.3v1.4.txt,,784.38
2684,774.35,,,0.0,,774.49,0.0,0.0,20220519,2.3v1.4,./data/med_pc/2022-05-19_09h09m_Subject 2.3v1.4.txt,,785.35
2685,775.5,,,0.0,,775.71,0.0,0.0,20220519,2.3v1.4,./data/med_pc/2022-05-19_09h09m_Subject 2.3v1.4.txt,,786.5
2686,778.71,,,0.0,,785.76,0.0,0.0,20220519,2.3v1.4,./data/med_pc/2022-05-19_09h09m_Subject 2.3v1.4.txt,,789.71
2687,788.07,,,0.0,,788.13,0.0,0.0,20220519,2.3v1.4,./data/med_pc/2022-05-19_09h09m_Subject 2.3v1.4.txt,,799.07
2688,788.89,,,0.0,,791.27,0.0,0.0,20220519,2.3v1.4,./data/med_pc/2022-05-19_09h09m_Subject 2.3v1.4.txt,,799.89
2689,793.58,,,0.0,,800.76,0.0,0.0,20220519,2.3v1.4,./data/med_pc/2022-05-19_09h09m_Subject 2.3v1.4.txt,,804.58
2690,802.81,,,0.0,,805.95,0.0,0.0,20220519,2.3v1.4,./data/med_pc/2022-05-19_09h09m_Subject 2.3v1.4.txt,,813.81
2691,806.5,,,0.0,,806.53,0.0,0.0,20220519,2.3v1.4,./data/med_pc/2022-05-19_09h09m_Subject 2.3v1.4.txt,,817.5
2692,806.57,,,0.0,,806.64,0.0,0.0,20220519,2.3v1.4,./data/med_pc/2022-05-19_09h09m_Subject 2.3v1.4.txt,,817.57
2693,807.01,,,0.0,,807.05,0.0,0.0,20220519,2.3v1.4,./data/med_pc/2022-05-19_09h09m_Subject 2.3v1.4.txt,,818.01
2694,807.07,,,0.0,,808.48,0.0,0.0,20220519,2.3v1.4,./data/med_pc/2022-05-19_09h09m_Subject 2.3v1.4.txt,,818.07
2695,808.65,,,0.0,,811.54,0.0,0.0,20220519,2.3v1.4,./data/med_pc/2022-05-19_09h09m_Subject 2.3v1.4.txt,,819.65
2696,815.66,,,0.0,,815.76,0.0,0.0,20220519,2.3v1.4,./data/med_pc/2022-05-19_09h09m_Subject 2.3v1.4.txt,,826.66
2697,815.84,,,0.0,,816.03,0.0,0.0,20220519,2.3v1.4,./data/med_pc/2022-05-19_09h09m_Subject 2.3v1.4.txt,,826.84
2698,816.08,,,0.0,,816.1,0.0,0.0,20220519,2.3v1.4,./data/med_pc/2022-05-19_09h09m_Subject 2.3v1.4.txt,,827.08
2699,816.12,,,0.0,,817.41,0.0,0.0,20220519,2.3v1.4,./data/med_pc/2022-05-19_09h09m_Subject 2.3v1.4.txt,,827.12
2700,818.69,,,0.0,,818.72,0.0,0.0,20220519,2.3v1.4,./data/med_pc/2022-05-19_09h09m_Subject 2.3v1.4.txt,,829.69
2701,818.74,,,0.0,,820.58,0.0,0.0,20220519,2.3v1.4,./data/med_pc/2022-05-19_09h09m_Subject 2.3v1.4.txt,,829.74
2702,826.73,,,0.0,,826.75,0.0,0.0,20220519,2.3v1.4,./data/med_pc/2022-05-19_09h09m_Subject 2.3v1.4.txt,,837.73
2703,826.85,,,0.0,,827.09,0.0,0.0,20220519,2.3v1.4,./data/med_pc/2022-05-19_09h09m_Subject 2.3v1.4.txt,,837.85
2704,827.27,,,0.0,,827.49,0.0,0.0,20220519,2.3v1.4,./data/med_pc/2022-05-19_09h09m_Subject 2.3v1.4.txt,,838.27
2705,827.62,,,0.0,,827.76,0.0,0.0,20220519,2.3v1.4,./data/med_pc/2022-05-19_09h09m_Subject 2.3v1.4.txt,,838.62
2706,828.35,,,0.0,,828.78,0.0,0.0,20220519,2.3v1.4,./data/med_pc/2022-05-19_09h09m_Subject 2.3v1.4.txt,,839.35
2707,828.95,,,0.0,,829.41,0.0,0.0,20220519,2.3v1.4,./data/med_pc/2022-05-19_09h09m_Subject 2.3v1.4.txt,,839.95
2708,829.48,,,0.0,,829.86,0.0,0.0,20220519,2.3v1.4,./data/med_pc/2022-05-19_09h09m_Subject 2.3v1.4.txt,,840.48
2709,830.04,,,0.0,,830.08,0.0,0.0,20220519,2.3v1.4,./data/med_pc/2022-05-19_09h09m_Subject 2.3v1.4.txt,,841.04
2710,830.99,,,0.0,,831.35,0.0,0.0,20220519,2.3v1.4,./data/med_pc/2022-05-19_09h09m_Subject 2.3v1.4.txt,,841.99
2711,831.49,,,0.0,,832.08,0.0,0.0,20220519,2.3v1.4,./data/med_pc/2022-05-19_09h09m_Subject 2.3v1.4.txt,,842.49
2712,832.22,,,0.0,,832.63,0.0,0.0,20220519,2.3v1.4,./data/med_pc/2022-05-19_09h09m_Subject 2.3v1.4.txt,,843.22
2713,833.51,,,0.0,,833.89,0.0,0.0,20220519,2.3v1.4,./data/med_pc/2022-05-19_09h09m_Subject 2.3v1.4.txt,,844.51
2714,833.92,,,0.0,,860.15,0.0,0.0,20220519,2.3v1.4,./data/med_pc/2022-05-19_09h09m_Subject 2.3v1.4.txt,,844.92
2715,860.69,,,0.0,,861.26,0.0,0.0,20220519,2.3v1.4,./data/med_pc/2022-05-19_09h09m_Subject 2.3v1.4.txt,,871.69
2716,861.36,,,0.0,,862.17,0.0,0.0,20220519,2.3v1.4,./data/med_pc/2022-05-19_09h09m_Subject 2.3v1.4.txt,,872.36
2717,862.34,,,0.0,,862.77,0.0,0.0,20220519,2.3v1.4,./data/med_pc/2022-05-19_09h09m_Subject 2.3v1.4.txt,,873.34
2718,863.02,,,0.0,,863.26,0.0,0.0,20220519,2.3v1.4,./data/med_pc/2022-05-19_09h09m_Subject 2.3v1.4.txt,,874.02
2719,863.34,,,0.0,,863.43,0.0,0.0,20220519,2.3v1.4,./data/med_pc/2022-05-19_09h09m_Subject 2.3v1.4.txt,,874.34
2720,863.73,,,0.0,,863.8,0.0,0.0,20220519,2.3v1.4,./data/med_pc/2022-05-19_09h09m_Subject 2.3v1.4.txt,,874.73
2721,863.97,,,0.0,,878.64,0.0,0.0,20220519,2.3v1.4,./data/med_pc/2022-05-19_09h09m_Subject 2.3v1.4.txt,,874.97
2722,879.63,,,0.0,,880.57,0.0,0.0,20220519,2.3v1.4,./data/med_pc/2022-05-19_09h09m_Subject 2.3v1.4.txt,,890.63
2723,882.64,,,0.0,,883.43,0.0,0.0,20220519,2.3v1.4,./data/med_pc/2022-05-19_09h09m_Subject 2.3v1.4.txt,,893.64
2724,887.93,,,0.0,,891.1,0.0,0.0,20220519,2.3v1.4,./data/med_pc/2022-05-19_09h09m_Subject 2.3v1.4.txt,,898.93
2725,892.61,,,0.0,,892.65,0.0,0.0,20220519,2.3v1.4,./data/med_pc/2022-05-19_09h09m_Subject 2.3v1.4.txt,,903.61
2726,893.71,,,0.0,,894.12,0.0,0.0,20220519,2.3v1.4,./data/med_pc/2022-05-19_09h09m_Subject 2.3v1.4.txt,,904.71
2727,894.42,,,0.0,,897.95,0.0,0.0,20220519,2.3v1.4,./data/med_pc/2022-05-19_09h09m_Subject 2.3v1.4.txt,,905.42
2728,899.07,,,0.0,,899.19,0.0,0.0,20220519,2.3v1.4,./data/med_pc/2022-05-19_09h09m_Subject 2.3v1.4.txt,,910.07
2729,899.24,,,0.0,,899.55,0.0,0.0,20220519,2.3v1.4,./data/med_pc/2022-05-19_09h09m_Subject 2.3v1.4.txt,,910.24
2730,899.85,,,0.0,,902.4,0.0,0.0,20220519,2.3v1.4,./data/med_pc/2022-05-19_09h09m_Subject 2.3v1.4.txt,,910.85
2731,902.65,,,0.0,,902.74,0.0,0.0,20220519,2.3v1.4,./data/med_pc/2022-05-19_09h09m_Subject 2.3v1.4.txt,,913.65
2732,902.87,,,0.0,,902.94,0.0,0.0,20220519,2.3v1.4,./data/med_pc/2022-05-19_09h09m_Subject 2.3v1.4.txt,,913.87
2733,904.76,,,0.0,,904.78,0.0,0.0,20220519,2.3v1.4,./data/med_pc/2022-05-19_09h09m_Subject 2.3v1.4.txt,,915.76
2734,906.22,,,0.0,,906.26,0.0,0.0,20220519,2.3v1.4,./data/med_pc/2022-05-19_09h09m_Subject 2.3v1.4.txt,,917.22
2735,908.28,,,0.0,,910.07,0.0,0.0,20220519,2.3v1.4,./data/med_pc/2022-05-19_09h09m_Subject 2.3v1.4.txt,,919.28
2736,910.14,,,0.0,,910.51,0.0,0.0,20220519,2.3v1.4,./data/med_pc/2022-05-19_09h09m_Subject 2.3v1.4.txt,,921.14
2737,913.02,,,0.0,,949.57,0.0,0.0,20220519,2.3v1.4,./data/med_pc/2022-05-19_09h09m_Subject 2.3v1.4.txt,,924.02
2738,949.99,,,0.0,,950.08,0.0,0.0,20220519,2.3v1.4,./data/med_pc/2022-05-19_09h09m_Subject 2.3v1.4.txt,,960.99
2739,950.1,,,0.0,,950.81,0.0,0.0,20220519,2.3v1.4,./data/med_pc/2022-05-19_09h09m_Subject 2.3v1.4.txt,,961.1
2740,951.09,,,0.0,,951.92,0.0,0.0,20220519,2.3v1.4,./data/med_pc/2022-05-19_09h09m_Subject 2.3v1.4.txt,,962.09
2741,951.96,,,0.0,,953.88,0.0,0.0,20220519,2.3v1.4,./data/med_pc/2022-05-19_09h09m_Subject 2.3v1.4.txt,,962.96
2742,954.04,,,0.0,,954.06,0.0,0.0,20220519,2.3v1.4,./data/med_pc/2022-05-19_09h09m_Subject 2.3v1.4.txt,,965.04
2743,954.16,,,0.0,,954.75,0.0,0.0,20220519,2.3v1.4,./data/med_pc/2022-05-19_09h09m_Subject 2.3v1.4.txt,,965.16
2744,954.84,,,0.0,,958.99,0.0,0.0,20220519,2.3v1.4,./data/med_pc/2022-05-19_09h09m_Subject 2.3v1.4.txt,,965.84
2745,959.19,,,0.0,,959.7,0.0,0.0,20220519,2.3v1.4,./data/med_pc/2022-05-19_09h09m_Subject 2.3v1.4.txt,,970.19
2746,959.79,,,0.0,,971.23,0.0,0.0,20220519,2.3v1.4,./data/med_pc/2022-05-19_09h09m_Subject 2.3v1.4.txt,,970.79
2747,973.49,,,0.0,,978.68,0.0,0.0,20220519,2.3v1.4,./data/med_pc/2022-05-19_09h09m_Subject 2.3v1.4.txt,,984.49
2748,981.11,,,0.0,,981.15,0.0,0.0,20220519,2.3v1.4,./data/med_pc/2022-05-19_09h09m_Subject 2.3v1.4.txt,,992.11
2749,981.83,,,0.0,,982.01,0.0,0.0,20220519,2.3v1.4,./data/med_pc/2022-05-19_09h09m_Subject 2.3v1.4.txt,,992.83
2750,982.04,,,0.0,,982.32,0.0,0.0,20220519,2.3v1.4,./data/med_pc/2022-05-19_09h09m_Subject 2.3v1.4.txt,,993.04
2751,982.46,,,0.0,,982.62,0.0,0.0,20220519,2.3v1.4,./data/med_pc/2022-05-19_09h09m_Subject 2.3v1.4.txt,,993.46
2752,982.7,,,0.0,,983.19,0.0,0.0,20220519,2.3v1.4,./data/med_pc/2022-05-19_09h09m_Subject 2.3v1.4.txt,,993.7
2753,983.21,,,0.0,,983.37,0.0,0.0,20220519,2.3v1.4,./data/med_pc/2022-05-19_09h09m_Subject 2.3v1.4.txt,,994.21
2754,983.92,,,0.0,,984.07,0.0,0.0,20220519,2.3v1.4,./data/med_pc/2022-05-19_09h09m_Subject 2.3v1.4.txt,,994.92
2755,984.24,,,0.0,,984.55,0.0,0.0,20220519,2.3v1.4,./data/med_pc/2022-05-19_09h09m_Subject 2.3v1.4.txt,,995.24
2756,984.62,,,0.0,,985.14,0.0,0.0,20220519,2.3v1.4,./data/med_pc/2022-05-19_09h09m_Subject 2.3v1.4.txt,,995.62
2757,985.29,,,0.0,,985.61,0.0,0.0,20220519,2.3v1.4,./data/med_pc/2022-05-19_09h09m_Subject 2.3v1.4.txt,,996.29
2758,986.63,,,0.0,,986.92,0.0,0.0,20220519,2.3v1.4,./data/med_pc/2022-05-19_09h09m_Subject 2.3v1.4.txt,,997.63
2759,986.95,,,0.0,,986.97,0.0,0.0,20220519,2.3v1.4,./data/med_pc/2022-05-19_09h09m_Subject 2.3v1.4.txt,,997.95
2760,987.17,,,0.0,,987.37,0.0,0.0,20220519,2.3v1.4,./data/med_pc/2022-05-19_09h09m_Subject 2.3v1.4.txt,,998.17
2761,987.5,,,0.0,,987.9,0.0,0.0,20220519,2.3v1.4,./data/med_pc/2022-05-19_09h09m_Subject 2.3v1.4.txt,,998.5
2762,988.05,,,0.0,,988.39,0.0,0.0,20220519,2.3v1.4,./data/med_pc/2022-05-19_09h09m_Subject 2.3v1.4.txt,,999.05
2763,988.56,,,0.0,,988.87,0.0,0.0,20220519,2.3v1.4,./data/med_pc/2022-05-19_09h09m_Subject 2.3v1.4.txt,,999.56
2764,988.9,,,0.0,,988.99,0.0,0.0,20220519,2.3v1.4,./data/med_pc/2022-05-19_09h09m_Subject 2.3v1.4.txt,,999.9
2765,989.04,,,0.0,,989.06,0.0,0.0,20220519,2.3v1.4,./data/med_pc/2022-05-19_09h09m_Subject 2.3v1.4.txt,,1000.04
2766,989.12,,,0.0,,990.84,0.0,0.0,20220519,2.3v1.4,./data/med_pc/2022-05-19_09h09m_Subject 2.3v1.4.txt,,1000.12
2767,990.89,,,0.0,,1014.54,0.0,0.0,20220519,2.3v1.4,./data/med_pc/2022-05-19_09h09m_Subject 2.3v1.4.txt,,1001.89
2768,1015.04,,,0.0,,1015.33,0.0,0.0,20220519,2.3v1.4,./data/med_pc/2022-05-19_09h09m_Subject 2.3v1.4.txt,,1026.04
2769,1015.7,,,0.0,,1018.33,0.0,0.0,20220519,2.3v1.4,./data/med_pc/2022-05-19_09h09m_Subject 2.3v1.4.txt,,1026.7
2770,1018.36,,,0.0,,1018.47,0.0,0.0,20220519,2.3v1.4,./data/med_pc/2022-05-19_09h09m_Subject 2.3v1.4.txt,,1029.3600000000001
2771,1035.77,,,0.0,,1041.84,0.0,0.0,20220519,2.3v1.4,./data/med_pc/2022-05-19_09h09m_Subject 2.3v1.4.txt,,1046.77
2772,1041.99,,,0.0,,1042.88,0.0,0.0,20220519,2.3v1.4,./data/med_pc/2022-05-19_09h09m_Subject 2.3v1.4.txt,,1052.99
2773,1043.15,,,0.0,,1045.08,0.0,0.0,20220519,2.3v1.4,./data/med_pc/2022-05-19_09h09m_Subject 2.3v1.4.txt,,1054.15
2774,1045.17,,,0.0,,1045.86,0.0,0.0,20220519,2.3v1.4,./data/med_pc/2022-05-19_09h09m_Subject 2.3v1.4.txt,,1056.17
2775,1045.93,,,0.0,,1057.81,0.0,0.0,20220519,2.3v1.4,./data/med_pc/2022-05-19_09h09m_Subject 2.3v1.4.txt,,1056.93
2776,1059.12,,,0.0,,1061.97,0.0,0.0,20220519,2.3v1.4,./data/med_pc/2022-05-19_09h09m_Subject 2.3v1.4.txt,,1070.12
2777,1066.85,,,0.0,,1066.92,0.0,0.0,20220519,2.3v1.4,./data/med_pc/2022-05-19_09h09m_Subject 2.3v1.4.txt,,1077.85
2778,1066.94,,,0.0,,1075.25,0.0,0.0,20220519,2.3v1.4,./data/med_pc/2022-05-19_09h09m_Subject 2.3v1.4.txt,,1077.94
2779,1075.27,,,0.0,,1076.42,0.0,0.0,20220519,2.3v1.4,./data/med_pc/2022-05-19_09h09m_Subject 2.3v1.4.txt,,1086.27
2780,1078.79,,,0.0,,1080.7,0.0,0.0,20220519,2.3v1.4,./data/med_pc/2022-05-19_09h09m_Subject 2.3v1.4.txt,,1089.79
2781,1080.86,,,0.0,,1081.42,0.0,0.0,20220519,2.3v1.4,./data/med_pc/2022-05-19_09h09m_Subject 2.3v1.4.txt,,1091.86
2782,1085.17,,,0.0,,1085.19,0.0,0.0,20220519,2.3v1.4,./data/med_pc/2022-05-19_09h09m_Subject 2.3v1.4.txt,,1096.17
2783,1085.21,,,0.0,,1085.59,0.0,0.0,20220519,2.3v1.4,./data/med_pc/2022-05-19_09h09m_Subject 2.3v1.4.txt,,1096.21
2784,1085.61,,,0.0,,1088.42,0.0,0.0,20220519,2.3v1.4,./data/med_pc/2022-05-19_09h09m_Subject 2.3v1.4.txt,,1096.61
2785,1091.12,,,0.0,,1091.51,0.0,0.0,20220519,2.3v1.4,./data/med_pc/2022-05-19_09h09m_Subject 2.3v1.4.txt,,1102.12
2786,1092.17,,,0.0,,1093.65,0.0,0.0,20220519,2.3v1.4,./data/med_pc/2022-05-19_09h09m_Subject 2.3v1.4.txt,,1103.17
2787,1093.69,,,0.0,,1094.04,0.0,0.0,20220519,2.3v1.4,./data/med_pc/2022-05-19_09h09m_Subject 2.3v1.4.txt,,1104.69
2788,1094.15,,,0.0,,1098.16,0.0,0.0,20220519,2.3v1.4,./data/med_pc/2022-05-19_09h09m_Subject 2.3v1.4.txt,,1105.15
2789,1098.19,,,0.0,,1098.31,0.0,0.0,20220519,2.3v1.4,./data/med_pc/2022-05-19_09h09m_Subject 2.3v1.4.txt,,1109.19
2790,1098.35,,,0.0,,1098.87,0.0,0.0,20220519,2.3v1.4,./data/med_pc/2022-05-19_09h09m_Subject 2.3v1.4.txt,,1109.35
2791,1099.37,,,0.0,,1099.39,0.0,0.0,20220519,2.3v1.4,./data/med_pc/2022-05-19_09h09m_Subject 2.3v1.4.txt,,1110.37
2792,1099.62,,,0.0,,1099.68,0.0,0.0,20220519,2.3v1.4,./data/med_pc/2022-05-19_09h09m_Subject 2.3v1.4.txt,,1110.62
2793,1103.18,,,0.0,,1104.22,0.0,0.0,20220519,2.3v1.4,./data/med_pc/2022-05-19_09h09m_Subject 2.3v1.4.txt,,1114.18
2794,1111.91,,,0.0,,1112.0,0.0,0.0,20220519,2.3v1.4,./data/med_pc/2022-05-19_09h09m_Subject 2.3v1.4.txt,,1122.91
2795,1112.07,,,0.0,,1112.16,0.0,0.0,20220519,2.3v1.4,./data/med_pc/2022-05-19_09h09m_Subject 2.3v1.4.txt,,1123.07
2796,1112.31,,,0.0,,1118.24,0.0,0.0,20220519,2.3v1.4,./data/med_pc/2022-05-19_09h09m_Subject 2.3v1.4.txt,,1123.31
2797,1120.79,,,0.0,,1120.86,0.0,0.0,20220519,2.3v1.4,./data/med_pc/2022-05-19_09h09m_Subject 2.3v1.4.txt,,1131.79
2798,1120.95,,,0.0,,1120.97,0.0,0.0,20220519,2.3v1.4,./data/med_pc/2022-05-19_09h09m_Subject 2.3v1.4.txt,,1131.95
2799,1121.18,,,0.0,,1121.24,0.0,0.0,20220519,2.3v1.4,./data/med_pc/2022-05-19_09h09m_Subject 2.3v1.4.txt,,1132.18
2800,1121.28,,,0.0,,1121.5,0.0,0.0,20220519,2.3v1.4,./data/med_pc/2022-05-19_09h09m_Subject 2.3v1.4.txt,,1132.28
2801,1121.92,,,0.0,,1122.13,0.0,0.0,20220519,2.3v1.4,./data/med_pc/2022-05-19_09h09m_Subject 2.3v1.4.txt,,1132.92
2802,1122.16,,,0.0,,1122.2,0.0,0.0,20220519,2.3v1.4,./data/med_pc/2022-05-19_09h09m_Subject 2.3v1.4.txt,,1133.16
2803,1122.56,,,0.0,,1122.68,0.0,0.0,20220519,2.3v1.4,./data/med_pc/2022-05-19_09h09m_Subject 2.3v1.4.txt,,1133.56
2804,1122.8,,,0.0,,1123.23,0.0,0.0,20220519,2.3v1.4,./data/med_pc/2022-05-19_09h09m_Subject 2.3v1.4.txt,,1133.8
2805,1123.4,,,0.0,,1124.28,0.0,0.0,20220519,2.3v1.4,./data/med_pc/2022-05-19_09h09m_Subject 2.3v1.4.txt,,1134.4
2806,1125.34,,,0.0,,1131.33,0.0,0.0,20220519,2.3v1.4,./data/med_pc/2022-05-19_09h09m_Subject 2.3v1.4.txt,,1136.34
2807,1132.28,,,0.0,,1132.45,0.0,0.0,20220519,2.3v1.4,./data/med_pc/2022-05-19_09h09m_Subject 2.3v1.4.txt,,1143.28
2808,1132.57,,,0.0,,1134.98,0.0,0.0,20220519,2.3v1.4,./data/med_pc/2022-05-19_09h09m_Subject 2.3v1.4.txt,,1143.57
2809,1148.49,,,0.0,,1152.65,0.0,0.0,20220519,2.3v1.4,./data/med_pc/2022-05-19_09h09m_Subject 2.3v1.4.txt,,1159.49
2810,1152.8,,,0.0,,1160.34,0.0,0.0,20220519,2.3v1.4,./data/med_pc/2022-05-19_09h09m_Subject 2.3v1.4.txt,,1163.8
2811,1160.85,,,0.0,,1160.87,0.0,0.0,20220519,2.3v1.4,./data/med_pc/2022-05-19_09h09m_Subject 2.3v1.4.txt,,1171.85
2812,1161.07,,,0.0,,1161.55,0.0,0.0,20220519,2.3v1.4,./data/med_pc/2022-05-19_09h09m_Subject 2.3v1.4.txt,,1172.07
2813,1162.04,,,0.0,,1162.2,0.0,0.0,20220519,2.3v1.4,./data/med_pc/2022-05-19_09h09m_Subject 2.3v1.4.txt,,1173.04
2814,1162.5,,,0.0,,1162.99,0.0,0.0,20220519,2.3v1.4,./data/med_pc/2022-05-19_09h09m_Subject 2.3v1.4.txt,,1173.5
2815,1163.06,,,0.0,,1164.24,0.0,0.0,20220519,2.3v1.4,./data/med_pc/2022-05-19_09h09m_Subject 2.3v1.4.txt,,1174.06
2816,1164.4,,,0.0,,1165.78,0.0,0.0,20220519,2.3v1.4,./data/med_pc/2022-05-19_09h09m_Subject 2.3v1.4.txt,,1175.4
2817,1165.83,,,0.0,,1165.98,0.0,0.0,20220519,2.3v1.4,./data/med_pc/2022-05-19_09h09m_Subject 2.3v1.4.txt,,1176.83
2818,1166.0,,,0.0,,1167.92,0.0,0.0,20220519,2.3v1.4,./data/med_pc/2022-05-19_09h09m_Subject 2.3v1.4.txt,,1177.0
2819,1168.09,,,0.0,,1168.88,0.0,0.0,20220519,2.3v1.4,./data/med_pc/2022-05-19_09h09m_Subject 2.3v1.4.txt,,1179.09
2820,1168.9,,,0.0,,1170.4,0.0,0.0,20220519,2.3v1.4,./data/med_pc/2022-05-19_09h09m_Subject 2.3v1.4.txt,,1179.9
2821,1174.41,,,0.0,,1178.9,0.0,0.0,20220519,2.3v1.4,./data/med_pc/2022-05-19_09h09m_Subject 2.3v1.4.txt,,1185.41
2822,1179.08,,,0.0,,1179.23,0.0,0.0,20220519,2.3v1.4,./data/med_pc/2022-05-19_09h09m_Subject 2.3v1.4.txt,,1190.08
2823,1179.25,,,0.0,,1180.28,0.0,0.0,20220519,2.3v1.4,./data/med_pc/2022-05-19_09h09m_Subject 2.3v1.4.txt,,1190.25
2824,1182.52,,,0.0,,1182.56,0.0,0.0,20220519,2.3v1.4,./data/med_pc/2022-05-19_09h09m_Subject 2.3v1.4.txt,,1193.52
2825,1182.62,,,0.0,,1182.65,0.0,0.0,20220519,2.3v1.4,./data/med_pc/2022-05-19_09h09m_Subject 2.3v1.4.txt,,1193.62
2826,1183.39,,,0.0,,1183.59,0.0,0.0,20220519,2.3v1.4,./data/med_pc/2022-05-19_09h09m_Subject 2.3v1.4.txt,,1194.39
2827,1184.04,,,0.0,,1184.48,0.0,0.0,20220519,2.3v1.4,./data/med_pc/2022-05-19_09h09m_Subject 2.3v1.4.txt,,1195.04
2828,1184.5,,,0.0,,1184.79,0.0,0.0,20220519,2.3v1.4,./data/med_pc/2022-05-19_09h09m_Subject 2.3v1.4.txt,,1195.5
2829,1184.92,,,0.0,,1186.93,0.0,0.0,20220519,2.3v1.4,./data/med_pc/2022-05-19_09h09m_Subject 2.3v1.4.txt,,1195.92
2830,1192.63,,,0.0,,1197.3,0.0,0.0,20220519,2.3v1.4,./data/med_pc/2022-05-19_09h09m_Subject 2.3v1.4.txt,,1203.63
2831,1197.58,,,0.0,,1198.67,0.0,0.0,20220519,2.3v1.4,./data/med_pc/2022-05-19_09h09m_Subject 2.3v1.4.txt,,1208.58
2832,1202.58,,,0.0,,1202.66,0.0,0.0,20220519,2.3v1.4,./data/med_pc/2022-05-19_09h09m_Subject 2.3v1.4.txt,,1213.58
2833,1202.69,,,0.0,,1203.59,0.0,0.0,20220519,2.3v1.4,./data/med_pc/2022-05-19_09h09m_Subject 2.3v1.4.txt,,1213.69
2834,1206.57,,,0.0,,1207.32,0.0,0.0,20220519,2.3v1.4,./data/med_pc/2022-05-19_09h09m_Subject 2.3v1.4.txt,,1217.57
2835,1207.51,,,0.0,,1207.53,0.0,0.0,20220519,2.3v1.4,./data/med_pc/2022-05-19_09h09m_Subject 2.3v1.4.txt,,1218.51
2836,1207.55,,,0.0,,1207.95,0.0,0.0,20220519,2.3v1.4,./data/med_pc/2022-05-19_09h09m_Subject 2.3v1.4.txt,,1218.55
2837,1207.99,,,0.0,,1209.3,0.0,0.0,20220519,2.3v1.4,./data/med_pc/2022-05-19_09h09m_Subject 2.3v1.4.txt,,1218.99
2838,1210.4,,,0.0,,1213.8,0.0,0.0,20220519,2.3v1.4,./data/med_pc/2022-05-19_09h09m_Subject 2.3v1.4.txt,,1221.4
2839,1214.38,,,0.0,,1214.99,0.0,0.0,20220519,2.3v1.4,./data/med_pc/2022-05-19_09h09m_Subject 2.3v1.4.txt,,1225.38
2840,1216.37,,,0.0,,1218.12,0.0,0.0,20220519,2.3v1.4,./data/med_pc/2022-05-19_09h09m_Subject 2.3v1.4.txt,,1227.37
2841,1227.54,,,0.0,,1227.57,0.0,0.0,20220519,2.3v1.4,./data/med_pc/2022-05-19_09h09m_Subject 2.3v1.4.txt,,1238.54
2842,1227.69,,,0.0,,1227.73,0.0,0.0,20220519,2.3v1.4,./data/med_pc/2022-05-19_09h09m_Subject 2.3v1.4.txt,,1238.69
2843,1228.2,,,0.0,,1232.71,0.0,0.0,20220519,2.3v1.4,./data/med_pc/2022-05-19_09h09m_Subject 2.3v1.4.txt,,1239.2
2844,1235.42,,,0.0,,1235.52,0.0,0.0,20220519,2.3v1.4,./data/med_pc/2022-05-19_09h09m_Subject 2.3v1.4.txt,,1246.42
2845,1235.54,,,0.0,,1235.88,0.0,0.0,20220519,2.3v1.4,./data/med_pc/2022-05-19_09h09m_Subject 2.3v1.4.txt,,1246.54
2846,1235.95,,,0.0,,1236.89,0.0,0.0,20220519,2.3v1.4,./data/med_pc/2022-05-19_09h09m_Subject 2.3v1.4.txt,,1246.95
2847,1238.33,,,0.0,,1238.39,0.0,0.0,20220519,2.3v1.4,./data/med_pc/2022-05-19_09h09m_Subject 2.3v1.4.txt,,1249.33
2848,1241.13,,,0.0,,1241.36,0.0,0.0,20220519,2.3v1.4,./data/med_pc/2022-05-19_09h09m_Subject 2.3v1.4.txt,,1252.13
2849,1241.44,,,0.0,,1265.99,0.0,0.0,20220519,2.3v1.4,./data/med_pc/2022-05-19_09h09m_Subject 2.3v1.4.txt,,1252.44
2850,1266.02,,,0.0,,1268.83,0.0,0.0,20220519,2.3v1.4,./data/med_pc/2022-05-19_09h09m_Subject 2.3v1.4.txt,,1277.02
2851,1270.35,,,0.0,,1270.7,0.0,0.0,20220519,2.3v1.4,./data/med_pc/2022-05-19_09h09m_Subject 2.3v1.4.txt,,1281.35
2852,1273.32,,,0.0,,1273.54,0.0,0.0,20220519,2.3v1.4,./data/med_pc/2022-05-19_09h09m_Subject 2.3v1.4.txt,,1284.32
2853,1273.67,,,0.0,,1273.77,0.0,0.0,20220519,2.3v1.4,./data/med_pc/2022-05-19_09h09m_Subject 2.3v1.4.txt,,1284.67
2854,1274.0,,,0.0,,1274.06,0.0,0.0,20220519,2.3v1.4,./data/med_pc/2022-05-19_09h09m_Subject 2.3v1.4.txt,,1285.0
2855,1274.4,,,0.0,,1274.64,0.0,0.0,20220519,2.3v1.4,./data/med_pc/2022-05-19_09h09m_Subject 2.3v1.4.txt,,1285.4
2856,1274.78,,,0.0,,1275.23,0.0,0.0,20220519,2.3v1.4,./data/med_pc/2022-05-19_09h09m_Subject 2.3v1.4.txt,,1285.78
2857,1275.65,,,0.0,,1275.85,0.0,0.0,20220519,2.3v1.4,./data/med_pc/2022-05-19_09h09m_Subject 2.3v1.4.txt,,1286.65
2858,1275.94,,,0.0,,1276.23,0.0,0.0,20220519,2.3v1.4,./data/med_pc/2022-05-19_09h09m_Subject 2.3v1.4.txt,,1286.94
2859,1276.93,,,0.0,,1277.05,0.0,0.0,20220519,2.3v1.4,./data/med_pc/2022-05-19_09h09m_Subject 2.3v1.4.txt,,1287.93
2860,1277.22,,,0.0,,1277.59,0.0,0.0,20220519,2.3v1.4,./data/med_pc/2022-05-19_09h09m_Subject 2.3v1.4.txt,,1288.22
2861,1277.66,,,0.0,,1281.83,0.0,0.0,20220519,2.3v1.4,./data/med_pc/2022-05-19_09h09m_Subject 2.3v1.4.txt,,1288.66
2862,1283.72,,,0.0,,1284.75,0.0,0.0,20220519,2.3v1.4,./data/med_pc/2022-05-19_09h09m_Subject 2.3v1.4.txt,,1294.72
2863,1290.95,,,0.0,,1291.16,0.0,0.0,20220519,2.3v1.4,./data/med_pc/2022-05-19_09h09m_Subject 2.3v1.4.txt,,1301.95
2864,1291.2,,,0.0,,1295.07,0.0,0.0,20220519,2.3v1.4,./data/med_pc/2022-05-19_09h09m_Subject 2.3v1.4.txt,,1302.2
2865,1295.67,,,0.0,,1295.7,0.0,0.0,20220519,2.3v1.4,./data/med_pc/2022-05-19_09h09m_Subject 2.3v1.4.txt,,1306.67
2866,1300.14,,,0.0,,1302.62,0.0,0.0,20220519,2.3v1.4,./data/med_pc/2022-05-19_09h09m_Subject 2.3v1.4.txt,,1311.14
2867,1304.46,,,0.0,,1304.49,0.0,0.0,20220519,2.3v1.4,./data/med_pc/2022-05-19_09h09m_Subject 2.3v1.4.txt,,1315.46
2868,1306.22,,,0.0,,1313.99,0.0,0.0,20220519,2.3v1.4,./data/med_pc/2022-05-19_09h09m_Subject 2.3v1.4.txt,,1317.22
2869,1314.44,,,0.0,,1314.46,0.0,0.0,20220519,2.3v1.4,./data/med_pc/2022-05-19_09h09m_Subject 2.3v1.4.txt,,1325.44
2870,1314.51,,,0.0,,1314.55,0.0,0.0,20220519,2.3v1.4,./data/med_pc/2022-05-19_09h09m_Subject 2.3v1.4.txt,,1325.51
2871,1314.85,,,0.0,,1315.24,0.0,0.0,20220519,2.3v1.4,./data/med_pc/2022-05-19_09h09m_Subject 2.3v1.4.txt,,1325.85
2872,1315.37,,,0.0,,1320.04,0.0,0.0,20220519,2.3v1.4,./data/med_pc/2022-05-19_09h09m_Subject 2.3v1.4.txt,,1326.37
2873,1321.05,,,0.0,,1332.67,0.0,0.0,20220519,2.3v1.4,./data/med_pc/2022-05-19_09h09m_Subject 2.3v1.4.txt,,1332.05
2874,1332.97,,,0.0,,1333.01,0.0,0.0,20220519,2.3v1.4,./data/med_pc/2022-05-19_09h09m_Subject 2.3v1.4.txt,,1343.97
2875,1333.03,,,0.0,,1335.99,0.0,0.0,20220519,2.3v1.4,./data/med_pc/2022-05-19_09h09m_Subject 2.3v1.4.txt,,1344.03
2876,1336.17,,,0.0,,1337.09,0.0,0.0,20220519,2.3v1.4,./data/med_pc/2022-05-19_09h09m_Subject 2.3v1.4.txt,,1347.17
2877,1337.29,,,0.0,,1338.6,0.0,0.0,20220519,2.3v1.4,./data/med_pc/2022-05-19_09h09m_Subject 2.3v1.4.txt,,1348.29
2878,1338.97,,,0.0,,1339.94,0.0,0.0,20220519,2.3v1.4,./data/med_pc/2022-05-19_09h09m_Subject 2.3v1.4.txt,,1349.97
2879,1340.0,,,0.0,,1340.28,0.0,0.0,20220519,2.3v1.4,./data/med_pc/2022-05-19_09h09m_Subject 2.3v1.4.txt,,1351.0
2880,1340.31,,,0.0,,1344.17,0.0,0.0,20220519,2.3v1.4,./data/med_pc/2022-05-19_09h09m_Subject 2.3v1.4.txt,,1351.31
2881,1347.31,,,0.0,,1353.14,0.0,0.0,20220519,2.3v1.4,./data/med_pc/2022-05-19_09h09m_Subject 2.3v1.4.txt,,1358.31
2882,1354.8,,,0.0,,1354.97,0.0,0.0,20220519,2.3v1.4,./data/med_pc/2022-05-19_09h09m_Subject 2.3v1.4.txt,,1365.8
2883,1355.02,,,0.0,,1358.1,0.0,0.0,20220519,2.3v1.4,./data/med_pc/2022-05-19_09h09m_Subject 2.3v1.4.txt,,1366.02
2884,1358.48,,,0.0,,1361.07,0.0,0.0,20220519,2.3v1.4,./data/med_pc/2022-05-19_09h09m_Subject 2.3v1.4.txt,,1369.48
2885,1362.66,,,0.0,,1364.14,0.0,0.0,20220519,2.3v1.4,./data/med_pc/2022-05-19_09h09m_Subject 2.3v1.4.txt,,1373.66
2886,1372.88,,,0.0,,1376.87,0.0,0.0,20220519,2.3v1.4,./data/med_pc/2022-05-19_09h09m_Subject 2.3v1.4.txt,,1383.88
2887,1377.68,,,0.0,,1377.89,0.0,0.0,20220519,2.3v1.4,./data/med_pc/2022-05-19_09h09m_Subject 2.3v1.4.txt,,1388.68
2888,1378.09,,,0.0,,1378.37,0.0,0.0,20220519,2.3v1.4,./data/med_pc/2022-05-19_09h09m_Subject 2.3v1.4.txt,,1389.09
2889,1378.51,,,0.0,,1379.67,0.0,0.0,20220519,2.3v1.4,./data/med_pc/2022-05-19_09h09m_Subject 2.3v1.4.txt,,1389.51
2890,1379.74,,,0.0,,1381.7,0.0,0.0,20220519,2.3v1.4,./data/med_pc/2022-05-19_09h09m_Subject 2.3v1.4.txt,,1390.74
2891,1382.1,,,0.0,,1383.85,0.0,0.0,20220519,2.3v1.4,./data/med_pc/2022-05-19_09h09m_Subject 2.3v1.4.txt,,1393.1
2892,1384.21,,,0.0,,1384.44,0.0,0.0,20220519,2.3v1.4,./data/med_pc/2022-05-19_09h09m_Subject 2.3v1.4.txt,,1395.21
2893,1386.36,,,0.0,,1386.4,0.0,0.0,20220519,2.3v1.4,./data/med_pc/2022-05-19_09h09m_Subject 2.3v1.4.txt,,1397.36
2894,1386.43,,,0.0,,1390.33,0.0,0.0,20220519,2.3v1.4,./data/med_pc/2022-05-19_09h09m_Subject 2.3v1.4.txt,,1397.43
2895,1390.86,,,0.0,,1401.95,0.0,0.0,20220519,2.3v1.4,./data/med_pc/2022-05-19_09h09m_Subject 2.3v1.4.txt,,1401.86
2896,1402.02,,,0.0,,1402.29,0.0,0.0,20220519,2.3v1.4,./data/med_pc/2022-05-19_09h09m_Subject 2.3v1.4.txt,,1413.02
2897,1402.33,,,0.0,,1402.44,0.0,0.0,20220519,2.3v1.4,./data/med_pc/2022-05-19_09h09m_Subject 2.3v1.4.txt,,1413.33
2898,1402.73,,,0.0,,1402.8,0.0,0.0,20220519,2.3v1.4,./data/med_pc/2022-05-19_09h09m_Subject 2.3v1.4.txt,,1413.73
2899,1402.86,,,0.0,,1404.64,0.0,0.0,20220519,2.3v1.4,./data/med_pc/2022-05-19_09h09m_Subject 2.3v1.4.txt,,1413.86
2900,1404.66,,,0.0,,1404.7,0.0,0.0,20220519,2.3v1.4,./data/med_pc/2022-05-19_09h09m_Subject 2.3v1.4.txt,,1415.66
2901,1404.76,,,0.0,,1404.96,0.0,0.0,20220519,2.3v1.4,./data/med_pc/2022-05-19_09h09m_Subject 2.3v1.4.txt,,1415.76
2902,1405.0,,,0.0,,1405.06,0.0,0.0,20220519,2.3v1.4,./data/med_pc/2022-05-19_09h09m_Subject 2.3v1.4.txt,,1416.0
2903,1405.08,,,0.0,,1405.41,0.0,0.0,20220519,2.3v1.4,./data/med_pc/2022-05-19_09h09m_Subject 2.3v1.4.txt,,1416.08
2904,1405.44,,,0.0,,1405.49,0.0,0.0,20220519,2.3v1.4,./data/med_pc/2022-05-19_09h09m_Subject 2.3v1.4.txt,,1416.44
2905,1406.4,,,0.0,,1408.45,0.0,0.0,20220519,2.3v1.4,./data/med_pc/2022-05-19_09h09m_Subject 2.3v1.4.txt,,1417.4
2906,1409.4,,,0.0,,1409.54,0.0,0.0,20220519,2.3v1.4,./data/med_pc/2022-05-19_09h09m_Subject 2.3v1.4.txt,,1420.4
2907,1409.58,,,0.0,,1411.48,0.0,0.0,20220519,2.3v1.4,./data/med_pc/2022-05-19_09h09m_Subject 2.3v1.4.txt,,1420.58
2908,1411.5,,,0.0,,1411.62,0.0,0.0,20220519,2.3v1.4,./data/med_pc/2022-05-19_09h09m_Subject 2.3v1.4.txt,,1422.5
2909,1411.66,,,0.0,,1411.69,0.0,0.0,20220519,2.3v1.4,./data/med_pc/2022-05-19_09h09m_Subject 2.3v1.4.txt,,1422.66
2910,1411.75,,,0.0,,1411.83,0.0,0.0,20220519,2.3v1.4,./data/med_pc/2022-05-19_09h09m_Subject 2.3v1.4.txt,,1422.75
2911,1411.88,,,0.0,,1412.74,0.0,0.0,20220519,2.3v1.4,./data/med_pc/2022-05-19_09h09m_Subject 2.3v1.4.txt,,1422.88
2912,1413.07,,,0.0,,1413.09,0.0,0.0,20220519,2.3v1.4,./data/med_pc/2022-05-19_09h09m_Subject 2.3v1.4.txt,,1424.07
2913,1413.74,,,0.0,,1414.34,0.0,0.0,20220519,2.3v1.4,./data/med_pc/2022-05-19_09h09m_Subject 2.3v1.4.txt,,1424.74
2914,1414.36,,,0.0,,1414.49,0.0,0.0,20220519,2.3v1.4,./data/med_pc/2022-05-19_09h09m_Subject 2.3v1.4.txt,,1425.36
2915,1414.53,,,0.0,,1442.75,0.0,0.0,20220519,2.3v1.4,./data/med_pc/2022-05-19_09h09m_Subject 2.3v1.4.txt,,1425.53
2916,1443.06,,,0.0,,1443.69,0.0,0.0,20220519,2.3v1.4,./data/med_pc/2022-05-19_09h09m_Subject 2.3v1.4.txt,,1454.06
2917,1443.88,,,0.0,,1444.13,0.0,0.0,20220519,2.3v1.4,./data/med_pc/2022-05-19_09h09m_Subject 2.3v1.4.txt,,1454.88
2918,1444.18,,,0.0,,1444.26,0.0,0.0,20220519,2.3v1.4,./data/med_pc/2022-05-19_09h09m_Subject 2.3v1.4.txt,,1455.18
2919,1444.68,,,0.0,,1445.75,0.0,0.0,20220519,2.3v1.4,./data/med_pc/2022-05-19_09h09m_Subject 2.3v1.4.txt,,1455.68
2920,1451.28,,,0.0,,1458.06,0.0,0.0,20220519,2.3v1.4,./data/med_pc/2022-05-19_09h09m_Subject 2.3v1.4.txt,,1462.28
2921,1458.56,,,0.0,,1461.07,0.0,0.0,20220519,2.3v1.4,./data/med_pc/2022-05-19_09h09m_Subject 2.3v1.4.txt,,1469.56
2922,1461.38,,,0.0,,1461.74,0.0,0.0,20220519,2.3v1.4,./data/med_pc/2022-05-19_09h09m_Subject 2.3v1.4.txt,,1472.38
2923,1461.79,,,0.0,,1461.85,0.0,0.0,20220519,2.3v1.4,./data/med_pc/2022-05-19_09h09m_Subject 2.3v1.4.txt,,1472.79
2924,1461.87,,,0.0,,1463.89,0.0,0.0,20220519,2.3v1.4,./data/med_pc/2022-05-19_09h09m_Subject 2.3v1.4.txt,,1472.87
2925,1463.91,,,0.0,,1464.72,0.0,0.0,20220519,2.3v1.4,./data/med_pc/2022-05-19_09h09m_Subject 2.3v1.4.txt,,1474.91
2926,1464.8,,,0.0,,1465.02,0.0,0.0,20220519,2.3v1.4,./data/med_pc/2022-05-19_09h09m_Subject 2.3v1.4.txt,,1475.8
2927,1465.47,,,0.0,,1465.76,0.0,0.0,20220519,2.3v1.4,./data/med_pc/2022-05-19_09h09m_Subject 2.3v1.4.txt,,1476.47
2928,1465.8,,,0.0,,1486.26,0.0,0.0,20220519,2.3v1.4,./data/med_pc/2022-05-19_09h09m_Subject 2.3v1.4.txt,,1476.8
2929,1486.54,,,0.0,,1495.16,0.0,0.0,20220519,2.3v1.4,./data/med_pc/2022-05-19_09h09m_Subject 2.3v1.4.txt,,1497.54
2930,1495.23,,,0.0,,1511.52,0.0,0.0,20220519,2.3v1.4,./data/med_pc/2022-05-19_09h09m_Subject 2.3v1.4.txt,,1506.23
2931,1511.69,,,0.0,,1541.03,0.0,0.0,20220519,2.3v1.4,./data/med_pc/2022-05-19_09h09m_Subject 2.3v1.4.txt,,1522.69
2932,1541.11,,,0.0,,1541.2,0.0,0.0,20220519,2.3v1.4,./data/med_pc/2022-05-19_09h09m_Subject 2.3v1.4.txt,,1552.11
2933,1541.28,,,0.0,,1541.31,0.0,0.0,20220519,2.3v1.4,./data/med_pc/2022-05-19_09h09m_Subject 2.3v1.4.txt,,1552.28
2934,1541.33,,,0.0,,1541.42,0.0,0.0,20220519,2.3v1.4,./data/med_pc/2022-05-19_09h09m_Subject 2.3v1.4.txt,,1552.33
2935,1541.55,,,0.0,,1563.2,0.0,0.0,20220519,2.3v1.4,./data/med_pc/2022-05-19_09h09m_Subject 2.3v1.4.txt,,1552.55
2936,1563.28,,,0.0,,1563.31,0.0,0.0,20220519,2.3v1.4,./data/med_pc/2022-05-19_09h09m_Subject 2.3v1.4.txt,,1574.28
2937,1563.33,,,0.0,,1563.36,0.0,0.0,20220519,2.3v1.4,./data/med_pc/2022-05-19_09h09m_Subject 2.3v1.4.txt,,1574.33
2938,1563.57,,,0.0,,1566.91,0.0,0.0,20220519,2.3v1.4,./data/med_pc/2022-05-19_09h09m_Subject 2.3v1.4.txt,,1574.57
2939,1568.05,,,0.0,,1569.25,0.0,0.0,20220519,2.3v1.4,./data/med_pc/2022-05-19_09h09m_Subject 2.3v1.4.txt,,1579.05
2940,1570.03,,,0.0,,1606.09,0.0,0.0,20220519,2.3v1.4,./data/med_pc/2022-05-19_09h09m_Subject 2.3v1.4.txt,,1581.03
2941,1606.13,,,0.0,,1606.24,0.0,0.0,20220519,2.3v1.4,./data/med_pc/2022-05-19_09h09m_Subject 2.3v1.4.txt,,1617.13
2942,1606.48,,,0.0,,1606.54,0.0,0.0,20220519,2.3v1.4,./data/med_pc/2022-05-19_09h09m_Subject 2.3v1.4.txt,,1617.48
2943,1606.68,,,0.0,,1606.79,0.0,0.0,20220519,2.3v1.4,./data/med_pc/2022-05-19_09h09m_Subject 2.3v1.4.txt,,1617.68
2944,1606.85,,,0.0,,1607.03,0.0,0.0,20220519,2.3v1.4,./data/med_pc/2022-05-19_09h09m_Subject 2.3v1.4.txt,,1617.85
2945,1607.2,,,0.0,,1607.46,0.0,0.0,20220519,2.3v1.4,./data/med_pc/2022-05-19_09h09m_Subject 2.3v1.4.txt,,1618.2
2946,1607.58,,,0.0,,1607.61,0.0,0.0,20220519,2.3v1.4,./data/med_pc/2022-05-19_09h09m_Subject 2.3v1.4.txt,,1618.58
2947,1607.63,,,0.0,,1615.24,0.0,0.0,20220519,2.3v1.4,./data/med_pc/2022-05-19_09h09m_Subject 2.3v1.4.txt,,1618.63
2948,1615.27,,,0.0,,1615.4,0.0,0.0,20220519,2.3v1.4,./data/med_pc/2022-05-19_09h09m_Subject 2.3v1.4.txt,,1626.27
2949,1616.77,,,0.0,,1616.82,0.0,0.0,20220519,2.3v1.4,./data/med_pc/2022-05-19_09h09m_Subject 2.3v1.4.txt,,1627.77
2950,1616.87,,,0.0,,1617.04,0.0,0.0,20220519,2.3v1.4,./data/med_pc/2022-05-19_09h09m_Subject 2.3v1.4.txt,,1627.87
2951,1617.2,,,0.0,,1625.27,0.0,0.0,20220519,2.3v1.4,./data/med_pc/2022-05-19_09h09m_Subject 2.3v1.4.txt,,1628.2
2952,1625.41,,,0.0,,1625.44,0.0,0.0,20220519,2.3v1.4,./data/med_pc/2022-05-19_09h09m_Subject 2.3v1.4.txt,,1636.41
2953,1625.5,,,0.0,,1625.54,0.0,0.0,20220519,2.3v1.4,./data/med_pc/2022-05-19_09h09m_Subject 2.3v1.4.txt,,1636.5
2954,1625.58,,,0.0,,1625.62,0.0,0.0,20220519,2.3v1.4,./data/med_pc/2022-05-19_09h09m_Subject 2.3v1.4.txt,,1636.58
2955,1625.74,,,0.0,,1644.62,0.0,0.0,20220519,2.3v1.4,./data/med_pc/2022-05-19_09h09m_Subject 2.3v1.4.txt,,1636.74
2956,1645.08,,,0.0,,1645.89,0.0,0.0,20220519,2.3v1.4,./data/med_pc/2022-05-19_09h09m_Subject 2.3v1.4.txt,,1656.08
2957,1646.01,,,0.0,,1653.48,0.0,0.0,20220519,2.3v1.4,./data/med_pc/2022-05-19_09h09m_Subject 2.3v1.4.txt,,1657.01
2958,1654.31,,,0.0,,1654.35,0.0,0.0,20220519,2.3v1.4,./data/med_pc/2022-05-19_09h09m_Subject 2.3v1.4.txt,,1665.31
2959,1654.56,,,0.0,,1655.3,0.0,0.0,20220519,2.3v1.4,./data/med_pc/2022-05-19_09h09m_Subject 2.3v1.4.txt,,1665.56
2960,1655.41,,,0.0,,1655.56,0.0,0.0,20220519,2.3v1.4,./data/med_pc/2022-05-19_09h09m_Subject 2.3v1.4.txt,,1666.41
2961,1656.48,,,0.0,,1657.02,0.0,0.0,20220519,2.3v1.4,./data/med_pc/2022-05-19_09h09m_Subject 2.3v1.4.txt,,1667.48
2962,1657.04,,,0.0,,1659.32,0.0,0.0,20220519,2.3v1.4,./data/med_pc/2022-05-19_09h09m_Subject 2.3v1.4.txt,,1668.04
2963,1659.43,,,0.0,,1659.57,0.0,0.0,20220519,2.3v1.4,./data/med_pc/2022-05-19_09h09m_Subject 2.3v1.4.txt,,1670.43
2964,1659.62,,,0.0,,1660.0,0.0,0.0,20220519,2.3v1.4,./data/med_pc/2022-05-19_09h09m_Subject 2.3v1.4.txt,,1670.62
2965,1661.57,,,0.0,,1661.61,0.0,0.0,20220519,2.3v1.4,./data/med_pc/2022-05-19_09h09m_Subject 2.3v1.4.txt,,1672.57
2966,1661.69,,,0.0,,1661.78,0.0,0.0,20220519,2.3v1.4,./data/med_pc/2022-05-19_09h09m_Subject 2.3v1.4.txt,,1672.69
2967,1661.88,,,0.0,,1662.74,0.0,0.0,20220519,2.3v1.4,./data/med_pc/2022-05-19_09h09m_Subject 2.3v1.4.txt,,1672.88
2968,1662.89,,,0.0,,1663.39,0.0,0.0,20220519,2.3v1.4,./data/med_pc/2022-05-19_09h09m_Subject 2.3v1.4.txt,,1673.89
2969,1663.47,,,0.0,,1663.87,0.0,0.0,20220519,2.3v1.4,./data/med_pc/2022-05-19_09h09m_Subject 2.3v1.4.txt,,1674.47
2970,1663.96,,,0.0,,1664.38,0.0,0.0,20220519,2.3v1.4,./data/med_pc/2022-05-19_09h09m_Subject 2.3v1.4.txt,,1674.96
2971,1664.47,,,0.0,,1669.28,0.0,0.0,20220519,2.3v1.4,./data/med_pc/2022-05-19_09h09m_Subject 2.3v1.4.txt,,1675.47
2972,1671.25,,,0.0,,1671.32,0.0,0.0,20220519,2.3v1.4,./data/med_pc/2022-05-19_09h09m_Subject 2.3v1.4.txt,,1682.25
2973,1672.19,,,0.0,,1672.31,0.0,0.0,20220519,2.3v1.4,./data/med_pc/2022-05-19_09h09m_Subject 2.3v1.4.txt,,1683.19
2974,1672.42,,,0.0,,1672.89,0.0,0.0,20220519,2.3v1.4,./data/med_pc/2022-05-19_09h09m_Subject 2.3v1.4.txt,,1683.42
2975,1673.09,,,0.0,,1673.4,0.0,0.0,20220519,2.3v1.4,./data/med_pc/2022-05-19_09h09m_Subject 2.3v1.4.txt,,1684.09
2976,1673.54,,,0.0,,1674.77,0.0,0.0,20220519,2.3v1.4,./data/med_pc/2022-05-19_09h09m_Subject 2.3v1.4.txt,,1684.54
2977,1674.9,,,0.0,,1675.35,0.0,0.0,20220519,2.3v1.4,./data/med_pc/2022-05-19_09h09m_Subject 2.3v1.4.txt,,1685.9
2978,1675.39,,,0.0,,1675.89,0.0,0.0,20220519,2.3v1.4,./data/med_pc/2022-05-19_09h09m_Subject 2.3v1.4.txt,,1686.39
2979,1676.02,,,0.0,,1678.84,0.0,0.0,20220519,2.3v1.4,./data/med_pc/2022-05-19_09h09m_Subject 2.3v1.4.txt,,1687.02
2980,1681.37,,,0.0,,1681.9,0.0,0.0,20220519,2.3v1.4,./data/med_pc/2022-05-19_09h09m_Subject 2.3v1.4.txt,,1692.37
2981,1682.18,,,0.0,,1682.29,0.0,0.0,20220519,2.3v1.4,./data/med_pc/2022-05-19_09h09m_Subject 2.3v1.4.txt,,1693.18
2982,1682.75,,,0.0,,1683.29,0.0,0.0,20220519,2.3v1.4,./data/med_pc/2022-05-19_09h09m_Subject 2.3v1.4.txt,,1693.75
2983,1683.6,,,0.0,,1684.45,0.0,0.0,20220519,2.3v1.4,./data/med_pc/2022-05-19_09h09m_Subject 2.3v1.4.txt,,1694.6
2984,1685.16,,,0.0,,1685.51,0.0,0.0,20220519,2.3v1.4,./data/med_pc/2022-05-19_09h09m_Subject 2.3v1.4.txt,,1696.16
2985,1686.26,,,0.0,,1686.85,0.0,0.0,20220519,2.3v1.4,./data/med_pc/2022-05-19_09h09m_Subject 2.3v1.4.txt,,1697.26
2986,1686.99,,,0.0,,1687.23,0.0,0.0,20220519,2.3v1.4,./data/med_pc/2022-05-19_09h09m_Subject 2.3v1.4.txt,,1697.99
2987,1687.49,,,0.0,,1687.58,0.0,0.0,20220519,2.3v1.4,./data/med_pc/2022-05-19_09h09m_Subject 2.3v1.4.txt,,1698.49
2988,1687.6,,,0.0,,1688.87,0.0,0.0,20220519,2.3v1.4,./data/med_pc/2022-05-19_09h09m_Subject 2.3v1.4.txt,,1698.6
2989,1689.02,,,0.0,,1689.19,0.0,0.0,20220519,2.3v1.4,./data/med_pc/2022-05-19_09h09m_Subject 2.3v1.4.txt,,1700.02
2990,1689.28,,,0.0,,1691.2,0.0,0.0,20220519,2.3v1.4,./data/med_pc/2022-05-19_09h09m_Subject 2.3v1.4.txt,,1700.28
2991,1692.4,,,0.0,,1706.4,0.0,0.0,20220519,2.3v1.4,./data/med_pc/2022-05-19_09h09m_Subject 2.3v1.4.txt,,1703.4
2992,1706.73,,,0.0,,1707.47,0.0,0.0,20220519,2.3v1.4,./data/med_pc/2022-05-19_09h09m_Subject 2.3v1.4.txt,,1717.73
2993,1707.55,,,0.0,,1707.75,0.0,0.0,20220519,2.3v1.4,./data/med_pc/2022-05-19_09h09m_Subject 2.3v1.4.txt,,1718.55
2994,1707.8,,,0.0,,1708.71,0.0,0.0,20220519,2.3v1.4,./data/med_pc/2022-05-19_09h09m_Subject 2.3v1.4.txt,,1718.8
2995,1708.8,,,0.0,,1709.26,0.0,0.0,20220519,2.3v1.4,./data/med_pc/2022-05-19_09h09m_Subject 2.3v1.4.txt,,1719.8
2996,1709.55,,,0.0,,1710.04,0.0,0.0,20220519,2.3v1.4,./data/med_pc/2022-05-19_09h09m_Subject 2.3v1.4.txt,,1720.55
2997,1710.07,,,0.0,,1710.23,0.0,0.0,20220519,2.3v1.4,./data/med_pc/2022-05-19_09h09m_Subject 2.3v1.4.txt,,1721.07
2998,1710.34,,,0.0,,1723.12,0.0,0.0,20220519,2.3v1.4,./data/med_pc/2022-05-19_09h09m_Subject 2.3v1.4.txt,,1721.34
2999,1723.35,,,0.0,,1723.59,0.0,0.0,20220519,2.3v1.4,./data/med_pc/2022-05-19_09h09m_Subject 2.3v1.4.txt,,1734.35
3000,1723.65,,,0.0,,1724.55,0.0,0.0,20220519,2.3v1.4,./data/med_pc/2022-05-19_09h09m_Subject 2.3v1.4.txt,,1734.65
3001,1724.73,,,0.0,,1725.37,0.0,0.0,20220519,2.3v1.4,./data/med_pc/2022-05-19_09h09m_Subject 2.3v1.4.txt,,1735.73
3002,1725.43,,,0.0,,1737.44,0.0,0.0,20220519,2.3v1.4,./data/med_pc/2022-05-19_09h09m_Subject 2.3v1.4.txt,,1736.43
3003,1738.63,,,0.0,,1741.09,0.0,0.0,20220519,2.3v1.4,./data/med_pc/2022-05-19_09h09m_Subject 2.3v1.4.txt,,1749.63
3004,1744.81,,,0.0,,1744.86,0.0,0.0,20220519,2.3v1.4,./data/med_pc/2022-05-19_09h09m_Subject 2.3v1.4.txt,,1755.81
3005,1744.9,,,0.0,,1746.39,0.0,0.0,20220519,2.3v1.4,./data/med_pc/2022-05-19_09h09m_Subject 2.3v1.4.txt,,1755.9
3006,1746.41,,,0.0,,1747.14,0.0,0.0,20220519,2.3v1.4,./data/med_pc/2022-05-19_09h09m_Subject 2.3v1.4.txt,,1757.41
3007,1747.19,,,0.0,,1751.4,0.0,0.0,20220519,2.3v1.4,./data/med_pc/2022-05-19_09h09m_Subject 2.3v1.4.txt,,1758.19
3008,1751.9,,,0.0,,1751.99,0.0,0.0,20220519,2.3v1.4,./data/med_pc/2022-05-19_09h09m_Subject 2.3v1.4.txt,,1762.9
3009,1752.01,,,0.0,,1752.46,0.0,0.0,20220519,2.3v1.4,./data/med_pc/2022-05-19_09h09m_Subject 2.3v1.4.txt,,1763.01
3010,1752.57,,,0.0,,1759.28,0.0,0.0,20220519,2.3v1.4,./data/med_pc/2022-05-19_09h09m_Subject 2.3v1.4.txt,,1763.57
3011,1759.73,,,0.0,,1759.84,0.0,0.0,20220519,2.3v1.4,./data/med_pc/2022-05-19_09h09m_Subject 2.3v1.4.txt,,1770.73
3012,1759.94,,,0.0,,1760.27,0.0,0.0,20220519,2.3v1.4,./data/med_pc/2022-05-19_09h09m_Subject 2.3v1.4.txt,,1770.94
3013,1760.48,,,0.0,,1760.93,0.0,0.0,20220519,2.3v1.4,./data/med_pc/2022-05-19_09h09m_Subject 2.3v1.4.txt,,1771.48
3014,1760.97,,,0.0,,1761.05,0.0,0.0,20220519,2.3v1.4,./data/med_pc/2022-05-19_09h09m_Subject 2.3v1.4.txt,,1771.97
3015,1761.07,,,0.0,,1762.94,0.0,0.0,20220519,2.3v1.4,./data/med_pc/2022-05-19_09h09m_Subject 2.3v1.4.txt,,1772.07
3016,1763.07,,,0.0,,1763.26,0.0,0.0,20220519,2.3v1.4,./data/med_pc/2022-05-19_09h09m_Subject 2.3v1.4.txt,,1774.07
3017,1763.44,,,0.0,,1763.56,0.0,0.0,20220519,2.3v1.4,./data/med_pc/2022-05-19_09h09m_Subject 2.3v1.4.txt,,1774.44
3018,1763.73,,,0.0,,1763.83,0.0,0.0,20220519,2.3v1.4,./data/med_pc/2022-05-19_09h09m_Subject 2.3v1.4.txt,,1774.73
3019,1763.88,,,0.0,,1764.84,0.0,0.0,20220519,2.3v1.4,./data/med_pc/2022-05-19_09h09m_Subject 2.3v1.4.txt,,1774.88
3020,1764.88,,,0.0,,1768.13,0.0,0.0,20220519,2.3v1.4,./data/med_pc/2022-05-19_09h09m_Subject 2.3v1.4.txt,,1775.88
3021,1768.21,,,0.0,,1769.04,0.0,0.0,20220519,2.3v1.4,./data/med_pc/2022-05-19_09h09m_Subject 2.3v1.4.txt,,1779.21
3022,1769.37,,,0.0,,1771.59,0.0,0.0,20220519,2.3v1.4,./data/med_pc/2022-05-19_09h09m_Subject 2.3v1.4.txt,,1780.37
3023,1773.38,,,0.0,,1786.07,0.0,0.0,20220519,2.3v1.4,./data/med_pc/2022-05-19_09h09m_Subject 2.3v1.4.txt,,1784.38
3024,1787.14,,,0.0,,1787.27,0.0,0.0,20220519,2.3v1.4,./data/med_pc/2022-05-19_09h09m_Subject 2.3v1.4.txt,,1798.14
3025,1787.42,,,0.0,,1787.89,0.0,0.0,20220519,2.3v1.4,./data/med_pc/2022-05-19_09h09m_Subject 2.3v1.4.txt,,1798.42
3026,1788.02,,,0.0,,1788.78,0.0,0.0,20220519,2.3v1.4,./data/med_pc/2022-05-19_09h09m_Subject 2.3v1.4.txt,,1799.02
3027,1789.41,,,0.0,,1789.56,0.0,0.0,20220519,2.3v1.4,./data/med_pc/2022-05-19_09h09m_Subject 2.3v1.4.txt,,1800.41
3028,1789.59,,,0.0,,1789.74,0.0,0.0,20220519,2.3v1.4,./data/med_pc/2022-05-19_09h09m_Subject 2.3v1.4.txt,,1800.59
3029,1789.86,,,0.0,,1789.93,0.0,0.0,20220519,2.3v1.4,./data/med_pc/2022-05-19_09h09m_Subject 2.3v1.4.txt,,1800.86
3030,1790.07,,,0.0,,1791.64,0.0,0.0,20220519,2.3v1.4,./data/med_pc/2022-05-19_09h09m_Subject 2.3v1.4.txt,,1801.07
3031,1793.18,,,0.0,,1793.2,0.0,0.0,20220519,2.3v1.4,./data/med_pc/2022-05-19_09h09m_Subject 2.3v1.4.txt,,1804.18
3032,1793.22,,,0.0,,1793.24,0.0,0.0,20220519,2.3v1.4,./data/med_pc/2022-05-19_09h09m_Subject 2.3v1.4.txt,,1804.22
3033,1793.28,,,0.0,,1793.3,0.0,0.0,20220519,2.3v1.4,./data/med_pc/2022-05-19_09h09m_Subject 2.3v1.4.txt,,1804.28
3034,1793.35,,,0.0,,1793.38,0.0,0.0,20220519,2.3v1.4,./data/med_pc/2022-05-19_09h09m_Subject 2.3v1.4.txt,,1804.35
3035,1793.47,,,0.0,,1795.11,0.0,0.0,20220519,2.3v1.4,./data/med_pc/2022-05-19_09h09m_Subject 2.3v1.4.txt,,1804.47
3036,1796.4,,,0.0,,1809.83,0.0,0.0,20220519,2.3v1.4,./data/med_pc/2022-05-19_09h09m_Subject 2.3v1.4.txt,,1807.4
3037,1810.14,,,0.0,,1810.17,0.0,0.0,20220519,2.3v1.4,./data/med_pc/2022-05-19_09h09m_Subject 2.3v1.4.txt,,1821.14
3038,1810.58,,,0.0,,1810.6,0.0,0.0,20220519,2.3v1.4,./data/med_pc/2022-05-19_09h09m_Subject 2.3v1.4.txt,,1821.58
3039,1810.64,,,0.0,,1811.9,0.0,0.0,20220519,2.3v1.4,./data/med_pc/2022-05-19_09h09m_Subject 2.3v1.4.txt,,1821.64
3040,1811.96,,,0.0,,1812.04,0.0,0.0,20220519,2.3v1.4,./data/med_pc/2022-05-19_09h09m_Subject 2.3v1.4.txt,,1822.96
3041,1812.1,,,0.0,,1812.6,0.0,0.0,20220519,2.3v1.4,./data/med_pc/2022-05-19_09h09m_Subject 2.3v1.4.txt,,1823.1
3042,1813.07,,,0.0,,1813.69,0.0,0.0,20220519,2.3v1.4,./data/med_pc/2022-05-19_09h09m_Subject 2.3v1.4.txt,,1824.07
3043,1813.72,,,0.0,,1814.04,0.0,0.0,20220519,2.3v1.4,./data/med_pc/2022-05-19_09h09m_Subject 2.3v1.4.txt,,1824.72
3044,1814.64,,,0.0,,1814.73,0.0,0.0,20220519,2.3v1.4,./data/med_pc/2022-05-19_09h09m_Subject 2.3v1.4.txt,,1825.64
3045,1814.88,,,0.0,,1815.57,0.0,0.0,20220519,2.3v1.4,./data/med_pc/2022-05-19_09h09m_Subject 2.3v1.4.txt,,1825.88
3046,1816.03,,,0.0,,1816.86,0.0,0.0,20220519,2.3v1.4,./data/med_pc/2022-05-19_09h09m_Subject 2.3v1.4.txt,,1827.03
3047,1817.32,,,0.0,,1817.54,0.0,0.0,20220519,2.3v1.4,./data/med_pc/2022-05-19_09h09m_Subject 2.3v1.4.txt,,1828.32
3048,1817.63,,,0.0,,1822.67,0.0,0.0,20220519,2.3v1.4,./data/med_pc/2022-05-19_09h09m_Subject 2.3v1.4.txt,,1828.63
3049,1822.8,,,0.0,,1822.85,0.0,0.0,20220519,2.3v1.4,./data/med_pc/2022-05-19_09h09m_Subject 2.3v1.4.txt,,1833.8
3050,1823.01,,,0.0,,1823.54,0.0,0.0,20220519,2.3v1.4,./data/med_pc/2022-05-19_09h09m_Subject 2.3v1.4.txt,,1834.01
3051,1823.56,,,0.0,,1823.58,0.0,0.0,20220519,2.3v1.4,./data/med_pc/2022-05-19_09h09m_Subject 2.3v1.4.txt,,1834.56
3052,1823.93,,,0.0,,1824.07,0.0,0.0,20220519,2.3v1.4,./data/med_pc/2022-05-19_09h09m_Subject 2.3v1.4.txt,,1834.93
3053,1824.61,,,0.0,,1824.63,0.0,0.0,20220519,2.3v1.4,./data/med_pc/2022-05-19_09h09m_Subject 2.3v1.4.txt,,1835.61
3054,1824.69,,,0.0,,1824.86,0.0,0.0,20220519,2.3v1.4,./data/med_pc/2022-05-19_09h09m_Subject 2.3v1.4.txt,,1835.69
3055,1825.0,,,0.0,,1825.26,0.0,0.0,20220519,2.3v1.4,./data/med_pc/2022-05-19_09h09m_Subject 2.3v1.4.txt,,1836.0
3056,1825.45,,,0.0,,1825.61,0.0,0.0,20220519,2.3v1.4,./data/med_pc/2022-05-19_09h09m_Subject 2.3v1.4.txt,,1836.45
3057,1827.13,,,0.0,,1827.6,0.0,0.0,20220519,2.3v1.4,./data/med_pc/2022-05-19_09h09m_Subject 2.3v1.4.txt,,1838.13
3058,1827.62,,,0.0,,1828.47,0.0,0.0,20220519,2.3v1.4,./data/med_pc/2022-05-19_09h09m_Subject 2.3v1.4.txt,,1838.62
3059,1828.67,,,0.0,,1829.77,0.0,0.0,20220519,2.3v1.4,./data/med_pc/2022-05-19_09h09m_Subject 2.3v1.4.txt,,1839.67
3060,1829.86,,,0.0,,1830.16,0.0,0.0,20220519,2.3v1.4,./data/med_pc/2022-05-19_09h09m_Subject 2.3v1.4.txt,,1840.86
3061,1830.2,,,0.0,,1830.26,0.0,0.0,20220519,2.3v1.4,./data/med_pc/2022-05-19_09h09m_Subject 2.3v1.4.txt,,1841.2
3062,1830.28,,,0.0,,1834.29,0.0,0.0,20220519,2.3v1.4,./data/med_pc/2022-05-19_09h09m_Subject 2.3v1.4.txt,,1841.28
3063,1834.52,,,0.0,,1834.62,0.0,0.0,20220519,2.3v1.4,./data/med_pc/2022-05-19_09h09m_Subject 2.3v1.4.txt,,1845.52
3064,1834.64,,,0.0,,1839.27,0.0,0.0,20220519,2.3v1.4,./data/med_pc/2022-05-19_09h09m_Subject 2.3v1.4.txt,,1845.64
3065,1839.29,,,0.0,,1839.42,0.0,0.0,20220519,2.3v1.4,./data/med_pc/2022-05-19_09h09m_Subject 2.3v1.4.txt,,1850.29
3066,1839.44,,,0.0,,1839.49,0.0,0.0,20220519,2.3v1.4,./data/med_pc/2022-05-19_09h09m_Subject 2.3v1.4.txt,,1850.44
3067,1839.51,,,0.0,,1839.53,0.0,0.0,20220519,2.3v1.4,./data/med_pc/2022-05-19_09h09m_Subject 2.3v1.4.txt,,1850.51
3068,1839.57,,,0.0,,1843.6,0.0,0.0,20220519,2.3v1.4,./data/med_pc/2022-05-19_09h09m_Subject 2.3v1.4.txt,,1850.57
3069,1843.65,,,0.0,,1843.72,0.0,0.0,20220519,2.3v1.4,./data/med_pc/2022-05-19_09h09m_Subject 2.3v1.4.txt,,1854.65
3070,1843.78,,,0.0,,1843.91,0.0,0.0,20220519,2.3v1.4,./data/med_pc/2022-05-19_09h09m_Subject 2.3v1.4.txt,,1854.78
3071,1843.95,,,0.0,,1844.63,0.0,0.0,20220519,2.3v1.4,./data/med_pc/2022-05-19_09h09m_Subject 2.3v1.4.txt,,1854.95
3072,1844.65,,,0.0,,1844.71,0.0,0.0,20220519,2.3v1.4,./data/med_pc/2022-05-19_09h09m_Subject 2.3v1.4.txt,,1855.65
3073,1849.06,,,0.0,,1849.12,0.0,0.0,20220519,2.3v1.4,./data/med_pc/2022-05-19_09h09m_Subject 2.3v1.4.txt,,1860.06
3074,1849.26,,,0.0,,1849.52,0.0,0.0,20220519,2.3v1.4,./data/med_pc/2022-05-19_09h09m_Subject 2.3v1.4.txt,,1860.26
3075,1849.54,,,0.0,,1851.07,0.0,0.0,20220519,2.3v1.4,./data/med_pc/2022-05-19_09h09m_Subject 2.3v1.4.txt,,1860.54
